bs,baseline_s_per_tok,plugin_s_per_tok,hooks_s_per_tok,plugin_overhead_pct,hooks_overhead_pct,verdict
1,0.008978664460300934,0.008975150660262443,0.009299103323428426,-0.039134996680482634,3.568892283972848,PASS
8,0.0011310725476505468,0.001161134696303634,0.001185083818199928,2.6578444252344395,4.775226015481753,PASS
64,0.0001550507842011939,0.00015859983352584095,0.00016204984819978563,2.288959287069333,4.514046178257152,PASS
