bs,baseline_s_per_tok,plugin_s_per_tok,hooks_s_per_tok,plugin_overhead_pct,hooks_overhead_pct,verdict
1,0.013798944630252663,0.013622961290820967,0.014016801374964416,-1.275339123007071,1.578792802995427,PASS
8,0.0018485938098820043,0.001841666831751354,0.0019275247714176658,-0.374716073029174,4.2697839359691265,PASS
64,0.00025097599063883536,0.0002422937920982804,0.00025502946039068775,-3.459374149079065,1.6150826784405437,PASS
