bs,baseline_s_per_tok,plugin_s_per_tok,hooks_s_per_tok,plugin_overhead_pct,hooks_overhead_pct,verdict
1,0.014901083544827998,0.01491024094138993,0.015293396245397162,0.06145456828278941,2.6327796860472703,PASS
8,0.0019888045699190116,0.0019730119847736205,0.0020621623989427462,-0.7940742586906951,3.6885388405318253,PASS
64,0.00027541121164631477,0.00026608330301769456,0.00027577266268963285,-3.3869022879864383,0.13124049713061872,PASS
