worker,concurrency,max_tokens,duration_s,completed,errors,req_per_sec,gen_lat_mean,gen_lat_p50,gen_lat_p99,response_bytes_mean,response_bytes_max
baseline,1,64,30.09946938045323,24,0,0.7973562489306121,0.88841900213932,0.678244206123054,5.639977567829192,860,860
baseline,2,64,30.22431749664247,76,0,2.5145315525633496,0.7947300585280908,0.6509390976279974,2.349798391573131,847.0263157894736,860
baseline,4,64,30.61833814624697,185,0,6.042130670722777,0.6564841563536509,0.6614918680861592,0.7467281008139253,853.2,860
baseline,8,64,30.63826642371714,351,0,11.456261759258357,0.6911081262622718,0.6899043750017881,1.0694950288161635,854.2849002849002,860
qk,1,64,30.806977975182235,19,0,0.6167433889590271,1.5507990893858827,1.290323257446289,6.043194213882089,9859738.105263159,24312642
qk,2,64,31.40483263414353,38,0,1.210004856344503,1.5712972535065521,1.5612560361623764,2.0072968481108546,9056778.131578946,9056799
qk,4,64,31.686065611429513,53,0,1.6726595422084312,2.2479401214294277,2.1890314212068915,3.1906711999326944,9056863.773584906,9057825
qk,8,64,32.90465465001762,68,0,2.0665769242456884,3.615165154189419,3.471554694697261,6.4093218464404345,9056140.661764706,9057825
